artist,id,title
'David Axelrod',1e24e3DVrzdvFWdzDfHZLL,'Holy Are You'
'David Axelrod',2L7l7w23YGMzojp5LdFUks,'The Warnings Part I'
'David Axelrod',10OykY8ryGVEY6tSvxB95H,'Miles Away'
'Alice Coltrane',575o6fSPk6tBAkiumpboUT,'Vrindavana Sanchara'
'Alice Coltrane',5dwnM2V9n3axiktPG9YceZ,'Transcendence'
'David Axelrod',3Rpw2gaNCJtNC8j41ThhRL,'Song Of Innocence'
'Donny Hathaway',2alDGjN4yjJgkSSeoCCGae,'Superwoman'
'Alice Coltrane',2gG3ivmsfylVXLyIJvLXyN,'Journey In Satchidananda'
'Alice Coltrane',3zn9GxQ0OC4h4HiI04N76M,'My Favorite Things'
'David Axelrod',6jdj5XQyk8eHs9Tisfgd61,'The Signs Part One - Instrumental'
'Sun Ra',2MHjnt71WMnfaPL67p57ki,'Somebody Else's World'
'David Axelrod',7Mn2rm9sXimTZPsDzu49fj,'The Sick Rose'
'Sun Ra',1hpdVGEaZovrlcnY0Yqcc9,'Space is the Place'
'JAWNY',6JqYhSdTE4WbQrMXxPH5cD,'Honeypie'
'Morabeza Tobacco',6iSZE9qLAwXZ4SUIR87O7h,'Ally McBeal'
'Omar Apollo',4luBGXcgpFQPPAtcF4zEdv,'Erase'
'boy pablo',4zvHZWOGyL7WcmqHOgtGCW,'Everytime'
'Inner Wave',5ac9xtBIyhpsPqqH7dBVQ2,'Six AM'
'Still Woozy',1M321puDN1WBd5NF0ogOKW,'Habit'
'Gus Dapperton',4a6r6d9mfcUQbOnrGf8jAV,"'Prune, You Talk Funny'"
'Yuno',7rig9YRhho4jJ2LBMGekfj,'No Going Back'
'Children of Zeus',4Wm7um6Da9cDCoG66eAubX,'Still Standing'
'Bobbi Humphrey',47NMCOYpBEIAEV2gEckDG2,'San Francisco Lights'
'Lonnie Liston Smith and the Cosmic Echoes',7sCMQE7gCsClpILzAxD0zG,'Shadows'
'Norman Connors',3Q2Ec2C59fnmp6gUqGDqB2,'Give the Drummer Some'
'Eddie Kendricks',2dcssVSC1OiONrbqAyUTqb,'If You Let Me'
'Lonnie Liston Smith and the Cosmic Echoes',1ZYZ4o9TBLLjn88RoPGPaV,'Colors of the Rainbow'
'Norman Connors',3sVODIIVMyodcEyk6k4OIL,'Revelation'
'Ohio Players',5i7zv2DrOufmkJGtUkZxML,'Here Today And Gone Tomorrow'
'Cold Blood',33hdeI6o9uVO2EF3VeSWHG,'I'll Be Long Gone'
'Norman Connors',7GVmyLNfSI8ul2MkhDSKmi,'The Creator Has a Master Plan'
'Norman Connors',6ggIsYFxj26A5CYT3VwEqP,'Once Again'
'Lonnie Liston Smith and the Cosmic Echoes',3XEtovjSgKgpjZgMwTmMDe,'Sunset'
'Norman Connors',4dNUbZOgL8gg34dtHuLmJ6,'Invitation'
"'Johnny ""Hammond"" Smith'",6gl6UQNfWLzJTW9q7ZGj6k,'Theme From N.Y.P.D.'
'Freddie Gibbs',5jqpm69UgQa1OSNhj8rjn4,'Half Manne Half Cocaine'
'Freddie Gibbs',4JnnZWtx4XB14vUX2MIh9I,'Fake Names'
'Freddie Gibbs',7GzeP9yVzP83FZSRmJJxL8,'Situations'
'Chance the Rapper',4NBQVFmu2R7lmRU3yoSMm4,'Everybody's Something'
'Chance the Rapper',5v2ePUTZiv1mPDCD1nSbfF,'Lost'
'Chance the Rapper',6Oe5tmI1bfguCp6dKHbSj6,'Paranoia'
'Chance the Rapper',2f4K9nhN2RaRsMGaXTO3zt,'Everything's Good (Good Ass Outro)'
'Chance the Rapper',7nrraHMpSbyJJoN3unjjoJ,'Interlude (That's Love)'
'Chance the Rapper',1sFstGV1Z3Aw5TDFCiT7vK,'Favorite Song'
'Chance the Rapper',3VhGbMpUONRwUIvgFoF14b,'Juice'
'Freddie Gibbs',4JnnZWtx4XB14vUX2MIh9I,'Fake Names'
'Freddie Gibbs',7r9HZwjUZezpQpW4ToiEFL,'Obrigado'
'Freddie Gibbs',5jqpm69UgQa1OSNhj8rjn4,'Half Manne Half Cocaine'
'Sango',7eVlEePqne6i0R6elfSoWs,'The Differences (Diferenças) [Reprise]'
'Kill Bill: The Rapper',1AAMj0EJJdOkErtr4HtEhS,'Black Coffee'
'Kamasi Washington',1fVnfe7IsSH1c23Km8UijT,'The Rhythm Changes'
'Matty',77eVSkS0pL9uflg8qytEAH,'Embarrassed'
'Yves Jarvis',2fzK1mbS6V9UXQQ8reSjXH,'Nerve For The Ages'
'Niko Is',7tEt4Fpr81zPUntqZ11MFW,'Cherry Beamer Dreaming'
'Butcher Brown',5uDAdb4PmHC78HWc6soIcy,'Sticky July'
'Fantasy Guys',3fKOMqJToZH96WgR8zzN7h,'Bae Caught Me Vapin''
'LAKE',7sHP57vsjXFtTq50Nmk7h0,'Madagascar'
'MT. OSSA',566hhsWA29qDQ7cbUcSRFL,'Love Jam'
'bLAck pARty',2FUHFEMdXa930HlZVooFPn,'Summer Love'
'Enjoy',2Ne57GlB6oabd4U9zGifFm,'You Mean a Lot'
'Enjoy',6ZgvyKEAKfWWBxJxOZu5DH,'Freedom Is A Burden'
'Enjoy',318ctJYVKap1mBAfrVzUa5,'Small Car Big Wheels'
'Enjoy',5iRK9c3fwwXP1vhqJv9Y16,'Mechanical People'
'Enjoy',7DgbMwxIaNt27nxKfh2E4L,'The Golden State'
'Enjoy',28Y6brcKXutMDz3Qm8p0IX,'D.I.M.'
'Louis Cole',32Kg7L3mgzcekEo7z9pypH,'Below The Valleys'
'Travis Bretzer',2C7qQ7cNqtNwA2YDKLs7ss,'Did U Ever Notice'
'Ivan Ave',5zh96qNYrilrY5M2EWchmz,'Young Eye'
'James Pants',2qyVRwlm2AG8RUWhP7lhHq,'We're Through'
'Esperanza Spalding',4qweq7Zp2QnST0lC9WchKA,'Judas'
'Illa J',6EaNEcInL9XVCBNSdrlmDI,'All Good'
'Keita Juma',5LUDpuNwje6oFPJjKDM5GL,'Calm. Chi'
'Declaime',7dDYobgpyZzWdOFdzoOkNp,'Whole Wide World'
'Knox Brown',1jSgTCWjLODmEQ4kILxSL9,'The People'
'Iris Temple',6DPhe5M1oakivemgBSrUNG,'Theatre'
'Mild High Club',2spGnvdnAPdGcqYC8ZGasK,'The Chat'
'Paul Simon',1RkASGekurX1rRNucZYwI3,'Stranger'
'N.E.R.D',5HBcMAMVgBVUWiLyiK7q4I,'Deep Down Body Thurst'
'Enjoy',5sF6gFJURoe9QZzAzI5Qhq,'Smooth (R3mix)'
'Enjoy',61JSw3TTv8DAPy4Dc0P6XX,'Give Me Something'
'Ty Segall',3nrUi7YGFsPvsLJ6LqomFh,'Warm Hands'
'Charles Wright & The Watts 103rd Street Rhythm Band',4pW3aTX3kAmOaPJfc9UM12,'Express Yourself'
'Pharoah Sanders',27nBZdfME9YycFVY4Pm7hX,'The Golden Lamp'
'Dorothy Ashby',5BRLYme9F2CS6jpNkKE7vh,'Nabu Corfa'
'Suff Daddy',3dqcRnxc2vIMZfIOi0lOd3,'Suff Gucci'
'Opossom',3l8R5cWibB5PQHRiNrWwLu,'Blue Meanies'
'Inner Wave',4YLTFu7iyC3q34dvf5hRDq,'Eclipse'
'The Sleepy Jackson',4lkfU7mlHJIHVi2jYCIcO0,'Good Dancers'
'Pond',5nOu5ziA8RUJNtW9f2CSW7,'The Weather'
'King Tuff',1IhwgE6kkq953dMGzPNAgF,'Ultraviolet'
'Unknown Mortal Orchestra',49UBmvRSxLa2Oq6HkYKovK,'Multi-Love'
'Post Animal',7pEDJ91Czg5TJUcLsb1sZC,'Gelatin Mode'
'Noir Disco',1CGFnr9tRbnHQh1ZrQk620,'Escapade'
'Yeek',3RNHSxHnAIdMAHtMsVNqlS,'Cleaner Air'
'Soft Glas',6CCgo4BGBNpsUFUm1PngK9,'Perks of Being a Sunflower'
'Zack Villere',2iFiwkAEBPtQKk8xmHFJwN,'Leaf'
'boy pablo',5ZGidWqM4SKev5YSnFH9RK,'Never Cared'
'Yeek',54oNYGC5Sh6ZkvlsLYjPpC,'Car Window'
'King Gizzard & The Lizard Wizard',6noO9CZ5n12LwPFKHPAttL,'Beginner's Luck'
'Pond',4rNisH8DYkeaOk0ue1tbQH,'Sixteen Days'
'All Them Witches',53wEWsjRb8gjZ7xr8BLzZu,'Bulls'
'Nick Murphy',7Maw2TdttKzHOuJwg4edfj,'Your Time'
'Koriass',2hulCQtd1yHaTT19RAaplD,'Quinze minutes'
'Mary J. Blige',6LOWgH9NaSheAz0U4b7uQL,'Telling The Truth'
'KAYTRANADA',5oeS3dSlmGmYbGqCGnWQXK,'195'
'Freddie Gibbs',4Zp6Syo0VXFKrumB9XvA4G,'My Dope House - Prod. by Kaytranada'
'Barnes Blvd.',2DrrxuNOhnpqJXLH36eR1S,'Joan of Arc.'
'HOMESHAKE',5fBamKoQ3aXwQpe2Cch8K6,'Call Me Up'
'Mild High Club',6JZv5f9ufV0Uz7VbGpd2DL,'Skiptracing'
'Mild High Club',7pegxVesMmE2qK0o58xoFG,'Homage'
'Connan Mockasin',7kYsFB2Zp8JRI2ESlQZIJG,'Con Conn Was Impatient'
'Gucci Mane',6xY6NW0mV6IxxP4criYuoM,'Have It All (Feat. Pharrell)'
"'The Last Artful, Dodgr'",6r2MnFI3tsu9EX16eiIoyp,'Mornin Dew'
'Oscar Jerome',5H4mqQFcgN0LjOkLTwUMIO,'Chromatic Descendants'
'Gold Celeste',5DvFKfueR4ds2aNxMxMlo2,'Can of Worms'
'Holy Forest',60lqD2feVf0gw36nreA2E1,"'Africa Calling (feat. Preachermann, Tata Din Din & the Antibalas Horns)'"
'Ameer Vann',7xIBKYHW0iZJfb6eKWLaLd,'High Tolerance'
'Nubiyan Twist',3cC4TINErPyxCWtSN9w32h,'Figure Numatic'
'Flo Morrissey',3rJWuc53MmmGSMVGPZKynS,'Everybody Loves the Sunshine'
'Rare Silk',1cotJPbhAMOdrGqwi4BBEL,'Storm'
'Galt MacDermot',7JxNCDjLQnV2HJ7Z3ySRRQ,'Cathedral'
'JuJu Rogers',6Bx4JNMJaAljZ8pMgpvdc9,'Get Lost (feat. Regis Molina)'
'Minimal Man',27QsiQIp9enYFoOfiAnvii,'Pull Back the Bolt'
'Chaz Bundick Meets The Mattson 2',3Ht7WBT6Qj5dqLIQWfwcW8,'A Search'
'Dalton',1F1LWifaWA9NU1wPZNwJhU,'Soul Brother'
'J-Love',44f1tAzyMvJ0He7G2QcILx,"'Get Lifted (feat. TAKE-IT, Action Bronson, Killa Sha, Prince Ug, TAKE-IT, Action Bronson, Killa Sha, PRINCE-ORIGINAL, TAKE-IT, Action Bronson, Killa Sha, Prince Ug, TAKE-IT, Action Bronson, Killa Sha & PRINCE-ORIGINAL)'"
'オノシュンスケ',7sYCSpjzAAZ0IYLnWm4fXj,'ディスコって'
'Gucci Mane',6xY6NW0mV6IxxP4criYuoM,'Have It All (Feat. Pharrell)'
'The Deli',4ijwRNrJHhEPt1CNIzNG5E,'Fractals'
'Ovall',3XTSVcS7PAcPRH3UezID60,'Stargazer'
'Kazam',2S36OuK8PYZkkLkled3GAd,'swag on'
'Tom Morello',79DQcqdOuzHH5g0fI8KShf,'Can't Stop The Bleeding (feat. Gary Clark Jr. & Gramatik)'
'Tech N9ne',65IvWhK14TU42ynBkg4IfU,'No Gun Control'
'Francis and the Lights',1m8rA6hxTs1PyhncuAPLBi,'The Top'
'Larry Graham',7eYCfWI5g5QHfCZ27gny1E,'Stand Up and Shout About Love'
'Jamila Woods',1m0h3R7ypXe4oddXKF785J,'HEAVN'
'Xenia Rubinos',1LfbwxIEBciSsbfbOutRBU,'Lonely Lover'
'TOSHIO MATSUURA GROUP',4t0erY7XaFLEBBWVYzu3GG,'DO THE ASTRAL PLANE'
'Camp Lo',6QYrTHPz86JTy0R3sTMNJy,'Bubblin''
'Bacao Rhythm & Steel Band',7Fg3xBSNj3vbDFBGRynYx7,'Round & Round'
'The Physics',6CDYPqbynsiaK8Vwr14mU0,'Northern Lights'
'infinite bisous',3n8AnbWYvnpRSoRHGmpBv3,'The Past Tense'
'Ravyn Lenae',7K6iiGbqmOhWFqjj0bvTKL,'Venezuela Trains'
'King Garbage',49EYNmv1WHRyVDjc491EQt,'Lost in the Sauce'
'Jimmy Whoo',2CsMkD2uZy0uImKMq7Xa3S,'Long Time No See'
'HOMESHAKE',45EsvLplQ5uF9HlAk9KzQL,'Move This Body'
'Mild High Club',4DD08d0HLC2TxUKfTTj39F,'Kokopelli'
'Vansire',4RJ7bQURWb2ZEUwGOxYd2P,'Father's Ramble'
'Mild High Club',7qPdc4CH1GGZaHBImyoZ69,'Tesselation'
'Jay Som',2dH6JDf5L4kQnDAtxBNeio,'The Bus Song'
'Her's',1XrSjpNe49IiygZfzb74pk,'What Once Was'
'upper class',4uMLF9aSH98vCSSI9mko29,'Atlantic.wav'
'Jean Grae',5R8J6WCnV1E2lDJgVoaA4P,'Threats'
'Quadry',3OL4SqC49GzFQ6OshxNUr0,'1:04 PM'
'William Onyeabor',6G2M6vvToPz12ghZpeJSGe,'Atomic Bomb - William Onyeabor vs. Hot Chip'
'Father',1yiRFqvNDZm6TaTDmsvkKS,'In State Outta State (feat. Ethereal & Archibald Slim)'
'Karl Hector & The Malcouns',7ErGzwdIsKOdIWZ77VDGox,'Kaifa Part 1 & 2'
'HOMESHAKE',5S2b2lWXWtnk6HcJnsCnT0,'Just Like My'
'Sa-ra Creative Partners',4UKzb90cVtN91MCo23U1WP,'Rosebuds'
'weird inside',5U9bOxDLTuvHjKqtD3m0Ro,'Hopeless'
'Gary Wilson',5EvP1xNel18CmtTiO7UdfT,'Debbie Debbie'
'TOPS',2AehGNzBK2YR4xGxq7NBxL,'Further'
'Daniele Luppi',266SUaQ0WZyAbDuDbxeyPB,'Mount Napoleon'
'Lonnie Liston Smith and the Cosmic Echoes',3Dpp4hQD1x3waGaSLZsSs8,'Summer Nights'
'BADBADNOTGOOD',1I40L32fTSSkBkPeArX9Ul,'Time Moves Slow'
'Kari Faux',3pkbfqWxPWu0jLUbVayQaG,'Supplier'
'ESG',7mj3PV70dxemkgCENm43XH,'Step Off'
'BADBADNOTGOOD',46aSz462xUFxA5X4O6WlB0,'In Your Eyes'
'Mndsgn',3OtBieT1rwL2SoePlQL4Zh,'Cosmic Perspective'
'Bastien Keb',5KgDztq0q1kEO4UXVDCrID,'Pick Up'
'Julien Dyne',5HnhHus61B0E2haW0y2jR3,'Hours'
'Metronomy',6KbrAkJ4Vy7E2GvF8ZqZKJ,'Driving'
'Metronomy',42vQ7qAqjHTg0WNs1mZV70,'Upset My Girlfriend'
'Ab-Soul',4KXwFI9pgJLpUIAc9oSL8j,'Bloody Waters (with Anderson .Paak & James Blake)'
'A$AP Rocky',5YwewdqOOG0OPhALYN1gSZ,'Suddenly'
'Beast Coast',5jJYJthaXUdkHKmiS6TuXe,'Distance (feat. Issa Gold & Erick The Architect)'
'Mick Jenkins',4JzhzQT6cRAwqWTs4pE87P,'Drowning (feat. BADBADNOTGOOD)'
'Yeek',1lJPG1vKWKiix5rnRQQFAd,'Highways'
'Flatbush Zombies',1gHC5zFCmKnjKDBtDBoUQZ,'Big Shrimp'
'Stephen Malkmus & The Jicks',6qoGbqtZFYaQHqAfPrF18e,'Lariat'
'of Montreal',24HPkbkXJsIFC4eyg63zgQ,'Wraith Pinned to the Mist and Other Games'
'Built To Spill',11j4aOSfsh6mRlDFsqI9fg,'Living Zoo'
'Ty Segall',4FRh8HbtoJ07TN8UMNHKuU,'Whatever'
'Ty Segall',1X6DSMEAjTuzt4BupIaIgI,'Lone Cowboys'
'Ty Segall',47QqsqIDsKPhe3O6NT5YQ0,'Radio'
'Ty Segall',6ORjrZS1FO85V6YkefMm7C,'She'
'Fashawn',2mGdIBIKa8lEkm1xtmIJmU,'Stars'
'Mandrill',12yV7gTBLaTK3NchxxGFjR,'Symphonic Revolutions'
'KAYTRANADA',3bcVlSWtjktTZAczUbfzlG,'BREAKDANCE LESSON N.1'
'KAYTRANADA',3my5W7QLojCSj3E33eehcP,'DRIVE ME CRAZY'
'Esperanza Spalding',4qweq7Zp2QnST0lC9WchKA,'Judas'
'Parliament',3OgPv1D0HINMvsjppJvYD6,'Wizard Of Finance'
'Stoop Kids',143zqxfaFH5TGQDzNKdzuw,'Padiddle'
'Shintaro Sakamoto',3mw3s6F3Sn8hN7JqybrPZ6,'べつの星'
'Pete Drake',1lt6dbgU0eFGxDKZOjfXj4,'Forever'
'YOTA : Youth of the Apocalypse',5C1mLwEhVHTMwGJWaZvAfr,'Drop the Bomb'
'Fela Kuti',1HC6o3lTQvNmtH3ejYG4hs,'Gentleman'
'Harrison Fjord',5IX6J22Qg2uUNfTlqpQIMN,'Approximately 906 Miles'
'Deem Spencer',2e57IPqdq4vtyTpTe98FYh,'There Was Plenty Time Before Us'
'Earl Sweatshirt',1qqEKh4wmdcQGG1c2z8sH0,'Playing Possum (feat. Cheryl Harris & Keorapetse Kgositsile)'
'Earl Sweatshirt',2KrHM3YwVwewEAxss7iuj7,'Nowhere2go'
'Ronny Jordan',6eGghCgGqV7xo7FrU0hjcB,'Mystic Voyage'
'Roy Ayers',6mvfyGtmGo4q7pMtNK4V41,'Sunshine - The Amalgamation of Soundz'
'Marvin Gaye',1UEfu2s753JRqoYmfdZ8EU,'Time To Get It Together - Alternate Extended Mix'
'Bobby Caldwell',1e1ydzxTTqTtt3iimk6NnL,'Carry On'
'Rick James',5hWLHFSmomXmeTXEE478My,'Mary Jane'
'Ekkah',2odxfGira7I4ACOeb6e8Ya,'What's Up'
'King Geedorah',1R28m5eWk1EV9FQ3puWrUp,'Fazers'
'The Modern Lovers',36JuaGlNLdEDPnBWpEUjJW,'A plea for tenderness'
'Frank Sinatra',1YrcdJX562hDZZcfq0DUdk,'Bein' Green'
'Kikagaku Moyo',7FhKuFopFs9DZqocoHOvVs,'Green Sugar'
'Soft Hair',1emqeqHv25IU5tLgvzwJ4r,'Jealous Lies'
'Peaches',2qZHcdC7Hnv4bx88ieAywG,'DownTown'
'The Knife',61PbukdCstqNPp9YEVuYOr,'We Share Our Mothers' Health'
'Yelle',3CQ3l2jFuf1R2uQlpEn8Xt,'À cause des garçons - Tepr Remix'
'Santigold',6K2QpUqvNLchsEqRy1iOTW,'Run the Road'
'M.I.A.',1kusepF3AacIEtUTYrw4GV,'Paper Planes'
'M.I.A.',190X2XstLohM2pnitifRGG,'Boyz'
'The Rapture',44IViv0bVWrEmScLcFssav,'It Takes Time to Be a Man'
'Daniele Luppi',73pH3dlGVlgLNGRPa9TlKY,'Soul and Cigarette'
'Parquet Courts',1hpzGaL2GFuf1SdL6BkA6Z,'Monastic Living I'
'Daniele Luppi',215ZoC6259dx2Wt0HVUU9g,'Talisa'
'Parquet Courts',30zu86EEznmn8Vvp1cKRn7,'These Boots Are Made for Walkin''
'The Chemical Brothers',3m1JFLpKLYgMi1jf6Bu16P,'Let Forever Be'
'Neneh Cherry',5tmkX2fJ7KUAnMz3W1ibEr,'Manchild'
'Talking Heads',5JwK7v6XhG0YgqDuCgzOy8,'And She Was'
'Grace Jones',7pLO4yo5NrsguQVAhrIswR,'Slave To The Rhythm'
'Deee-Lite',6pRUSqa2Qo8QV4Ytk8ik9c,'What Is Love?'
'Deee-Lite',6pRUSqa2Qo8QV4Ytk8ik9c,'What Is Love?'
'Blondie',62H036AjK703qvKZBLopzV,'Hanging On The Telephone'
'The Chemical Brothers',3vRYtf5xgPrYeVzAmqvzTd,'The Salmon Dance'
'The B-52's',1y5V5qja332UyMeUurFhDS,'Private Idaho'
'Moloko',7xG0XZhUxTu6Axewwq0jfN,'Time Is Now'
'Róisín Murphy',7di4QTqNCZjX4JUFKhWQsr,'Overpowered'
'Frankie Knuckles',6tvtFyEdNpeurBkT2zNMEL,'Your Love (feat. Jamie Principle)'
'Talking Heads',5gS8whHdcpbkdz0qonQZF8,'Road to Nowhere'
'Washed Out',55ulvVJi4JnaAkbcsTMguC,'Burn Out Blues'
'Unknown Mortal Orchestra',2nqqIatHUVkw9S342HZKTz,'Extreme Wealth and Casual Cruelty'
'Illa J',59XfkUPhqn61BhHx21HYjL,'Spiders'
'Knxwledge',7zBdDtA57sH8LEEOvkb3JA,'Gethi'
'Denitia and Sene',4yujHMS6DFR6r4tBSGmm41,'breathe.scream.dream.'
'Mndsgn',3OtBieT1rwL2SoePlQL4Zh,'Cosmic Perspective'
'Moodymann',4ncFRft2xEs4kanULQjaOz,'Lyk U Use 2 (feat. Andres)'
'Roy Ayers Ubiquity',5le4sn0iMcnKU56bdmNzso,'Everybody Loves The Sunshine'
'Archy Marshall',68ckAtSnTPFbMn7rZ7WB9f,'Thames Water'
'letherette',29vPsCpO1i4DN2V5F9MSWi,'Langsette'
'Moodymann',24mkZlzjjE4N7n38pkF3RS,'Desire'
'Tall Black Guy',72CSbUausZtS6bwUXplxSa,'Mon Amie De'troit - Instrumental Version'
'BADBADNOTGOOD',1I40L32fTSSkBkPeArX9Ul,'Time Moves Slow'
'Max Graef',4gNsCXdc3QTjwQLqiu2BbM,'Quackeljochen'
'Aldous RH',6ebkgo0McCj8w6xCVFIB15,'Sensuality'
'Yabadum',5E6t3T6Mh8V9LmcMKYEx4E,'Cosmos'
'Luna Luna',7qqGg2wQzTxrRhWadE8owN,'Fro'
'Palace',2H30WL3exSctlDC9GyRbD4,'Live Well'
'Mndsgn',1VmNMzBiFt3FhSRopVfAac,'Guess It’s All Over'
'The Symposium',6yljCYdn6RsTj8oWXPeJCl,'Tony Stark'
'Lafayette Afro Rock Band',639O967X7bNLy5sv6zZYc5,'Ozan Kouklé - Remastered'
'Ross from Friends',3s3ASxlj1eb23RquaJ5mP3,'John Cage - Edit'
'Elder Island',4Ri84aoor16uSkNtpAvPgQ,'The Big Unknown'
'Project Pablo',4QCAeh5coHjxTfbXa3w2Iz,'Fine Match'
'Duke Hugh',1Dq9v38I2fKm8zRXSTdsGX,'Greenleaf'
'Alton Miller',6NFZqcFiHX5lN3ys6DxcVq,'Below the Underdog - Original'
'Psychic Mirrors',4jQ3zugUJ2g0UT1xaUo1d4,'The Bells of Saint Christopher'
'Malin Genie',7aFuBSK4uA7MKQB2elf4W0,'Pushin' On - Original Mix'
'Sonny & The Sunsets',3wnJ90SCPCKvU9Jzw7osZn,'Pretend You Love Me'
'A. Savage',4p4j54IjiEtcOPjnDQO8We,'Phantom Limbo'
'Parquet Courts',2zyXkd7RFLgYyvgsQk9bzi,'Steady on My Mind'
'Daniele Luppi',26VNWVrNLlJwCQuBWknS4e,'Flush'
'Daniele Luppi',73pH3dlGVlgLNGRPa9TlKY,'Soul and Cigarette'
'Parquet Courts',6Ptb27N0SlyJ1WKo3uwjID,'Donuts Only'
'Parquet Courts',73uPJKFwxD2CAuC6fUazmP,'Pretty Machines'
'Daniele Luppi',266SUaQ0WZyAbDuDbxeyPB,'Mount Napoleon'
'Parquet Courts',2JAyIYXrmNve9evTBr1Hxm,'Insufferable'
'Parquet Courts',5wpBEy8gYVQmb5VArtayfp,'Before the Water Gets Too High'
'Parquet Courts',2Rd4EF7myVjQponAuPImXu,'Prison Conversion'
'Parquet Courts',5LudsNWmB3LFwx4YMHWysA,'Captive of the Sun'
'Parquet Courts',3iyYmoZMI4o0xW0nCLwAT3,'Human Performance'
'Parquet Courts',1hpzGaL2GFuf1SdL6BkA6Z,'Monastic Living I'
'The Garden',5tuHO8lMOaBCx1MEGmUzQp,'A Message For Myself'
'Inner Wave',3RzILsQvsNZ5dyYhBEKGjn,'Diamond Eyes'
'Mac DeMarco',4c7k0jGOFR1OraHvE3BszV,'My Old Man'
'Mac DeMarco',1xpnkMYroPcpCwQmf9Z5sS,'A Wolf Who Wears Sheeps Clothes'
'Étienne de Crécy',3uIOxWVRZI2XaqHDXfDc9b,"'Ash Sync - Air, Alex Gopher & Etienne De Crécy Version'"
'King Gizzard & The Lizard Wizard',2oeqKWbVwK5Ly2vjwWJKHd,'Sense'
'Franc Moody',6s62F4fguIxbw9dYiT1q7k,'Laroque'
'Parquet Courts',5wpBEy8gYVQmb5VArtayfp,'Before the Water Gets Too High'
'Henry Wu',2222Kni7eNyr33Ijtm5OnO,'Croydon Depot'
'Skinshape',28k6uy8eU0nMKu0lSApuDn,'I Didn't Know - Extended'
'Sunny & The Sunliners',35nmxfRkDBUsOKtY31yEAu,'Should I Take You Home'
'Sean Price',545cKgvj9c85Umv1FHG6l2,'Boom Bye Yeah'
'Damu The Fudgemunk',1p2IlA7UbxNYenX9uE72V9,'Coco Mango Diced (Boy Scout Mix)'
'The Deli',2pPyIvTEBPQVdI6NRgWHpM,'Briefing'
'Idealism',7woCxOw0jmj65ohlQ3x0tH,'controlla'
'Jinsang',0Sual1ICmnvv1bZ8IEZsS5,'Bliss'
'emune',1uemjM73KfeFmFn5L16TFI,'Red Dot'
'emune',5TC4jXvICtwvj9tdamoJMd,'Trust Me'
'emune',5V3OeL6m3VBrtN6QEg0M8v,'Hittin' Switches - Instrumental'
'o k h o',3WWBGrzKFTYcT918oNBR64,'Notturna'
'Wun Two',0dMhvbKiluv2nxtthJTzZC,'Nuthatch'
'Wun Two',72r04MeYrO4SflO1sGe2Tz,'autumn'
'The Garden',0GARqhVTsP5GA6q1G3xWph,'California Here We Go'
'BADBADNOTGOOD',48mJsuV6IsDVrjkhqR2mHG,'Sour Soul'
'Puzzle',02QcUiEaFyeGemZ7tu3i63,'Kids'
'Swim Mountain',2Omo3qPqeU59b685POhBt9,'All I Care About'
'Unknown Mortal Orchestra',3GWVkWWgn7su8Z06oBjiiX,'The World Is Crowded'
'Jay Som',6PInkrdWpzFi6c4Ffrzs3q,'Baybee'
'HOMESHAKE',3InGhqsb60KGnCKraYGyEy,'Doo Dah'
'Mild High Club',6JZv5f9ufV0Uz7VbGpd2DL,'Skiptracing'
'Triathalon',6OyXa2uZa4eF7F4AGTlh3w,'South Side'
'Part Time',44mt8wfCb9L0DvIMEJq25e,'No Boys'
'Masta Ace',4yvxAyH0zHfDCFDImEWqSb,'Fresh Fest - Mono:Massive Remix'
'Clipse',3LPNfzKa0VYlNedCY4MuBy,'Cot Damn (feat. Ab-Liva & Rosco P. Coldchain)'
'Masta Ace',23RJg00mFONjIqYML6mtsE,'Acknowledge'
'Talib Kweli',1uyOaP8snkt3GaiWv2vxBe,'Boomerang'
'Talib Kweli',57JCzin13qF9tTsX2XOixa,'Ocean Song (feat. Mela Machinko)'
'Talib Kweli',2obPT2u5o0xVix47OdwnmH,'Tryin to Breathe (feat. Killer Mike)'
'DJ Quik',76mBeJwWaSq3CeDfO4UqSh,'Itz Your Fantasy'
'Naughty By Nature',3MPKTMJIxlORqcxw542HHK,'Jamboree (feat. Zhané)'
'Rappin' 4-Tay',4ZYM6R5nOZywxACY90Bsla,'Playaz Club'
'Ant Banks',5E0rj7QDaw1YJ71hbQgX1m,'Shook Niggas'
'Westside Connection',65iyI1iybyv5ecsfBHSdUf,'Gangsta Nation'
'WC',7AftRotDlzN6tz1L4rDo88,'Hood Hop'
'Tha Dogg Pound',1qyoQekQAs5OyrQu8KwTlm,'That Was Then This Is Now'
'WC',5StnI2o1Ivk42n0LMh3T1x,'Get Ya Walk On (Rmx)'
'2Pac',2MQ51y5NhCyva4SgWmK2Me,'Ghetto Gospel'
'Mack 10',1psgjEzoN9sDM8JxoISAEI,'Everyday'
'MC Eiht',2MyFMx8YPzix9E687fCTOb,'Respect It'
'DJ Quik',2RsXDjlhJd8sylorcY4r0o,'Put It On Me'
'Rappin' 4-Tay',2ZxweO12nwE9hPOsd3P7Q5,'I'll Be Around'
'Snoop Dogg',3Lh1nB92RIA8w6jdw9XeMG,'Point Seen Money Gone (feat. Jeremih)'
'Snoop Dogg',41bUQJK7jG3z0xn1nkXwsB,'Woof!'
'Christian Rich',2yZRXfreQqe9K5mps47XtW,'High (Kris Bowers Remix) [feat. Vince Staples & BIA]'
'Baro Sura',3nUyvBMUBzUhFLWdfo4wz4,'LAY U DOWN//SEXY'
'Omegah Red',1ReO26lbDWtjPdtsaWzSXS,'Books of War - Instrumental'
'Felly',0FUWuWkvAkZx3ufeXJ3aaj,'Good Wine'
'Mo Kolours',3KZMPnlyKTDV4W7oNs7Vbk,'Little Brown Dog'
'M. T. Hadley',43aMD4lmGcCfoy2x9gZ80p,'Janet'
'Lord Echo',6Rd2NhQnVeDBMUti7BiS90,'Woah! Theres No Limit'
'GoldLink',5v0C3nNNDMhZ3nWzzP0W4T,'Rough Soul (feat. April George)'
'Billy Boyo',2RiqntEZMvmzbQQVodjKPw,'One Spliff A Day'
'Kev Brown',3axd6nS2OpTthBIv7Fv8LB,'Albany'
'Typical Cats',6QZxG3hnWlmrLhPv4QX3nE,'Snake Oil'
'Quelle Chris',11eQuzybAwOZO6aaBXzZjp,'Buddies'
'Doom',4TqIFuI791XMQoWsMj3XFF,'My Favorite Ladies'
'Q-Tip',10e1Jjuo9NviGDjpvJGKIJ,'Barely In Love'
'Parquet Courts',5pfERhAfhpscnAKQnZgnaC,'Violence'
'Thee Oh Sees',4MMUZtRnaz25sXteRs2mXl,'Nite Expo'
'BADBADNOTGOOD',16Iat51iiZHSpE4X8yoeI5,'Velvet'
'Illa J',7v9dU1YlURx3FgGjGQjfFQ,'7 Mile'
'Eugene McDaniels',5lT5agmabF7lOdQseklU8B,'Welfare City'
'Sugar Candy Mountain',1x3qFIvsaCJjBqV9nRNFtl,'Soak Up the City'
'MED',1DgYgq6dhkwZ2nevK1wjeX,'Birds'
'Thee Oh Sees',7skTUuUQsw99agRd8Niemt,'The Static God'
'Thee Oh Sees',7vR64t3B1hWfGYt9U19y1m,'Animated Violence'
'Parquet Courts',5BeKHCBRdDqxeSfANPVgE1,'Content Nausea'
'Khruangbin',1e5nuWd8w0ZQlgEA19okwE,'The Number 3'
'Darondo',0PiKRl8dvzGrxAfbwKUR8w,'I Don't Want to Leave (Sure Know How to Love Me Re-Edit)'
'Crumb',71UsuepAxDwu0aP6IoWYRP,'Vinta'
'Crumb',0U0gZhiusaKvvqHe8w7B1X,'Bones'
'The Budos Band',5rbOfVxNxWWW73zsu0knPa,'Ride or Die'
'BADBADNOTGOOD',0IzR5fjY9gSy3nWxXosrQc,'Ray Gun'
'Crumb',0YUP8ar1GNHPFqMwUM7xCE,'Recently Played'
'Khruangbin',26qIVWus5hMZUcWeJUxeJx,'August Twelve'
'Hailu Mergia',1YhY7G3GNWmF0wCFpboWwF,'Yene Nesh Wey (Amalele)'
'Khruangbin',66MpvsWO5O7gy9LjXGFw6I,'Maria También'
'Darondo',23LN1l3UQ4Qjg3YPzN8Yi7,'Luscious Lady'
'Crumb',5mQFTuHiwLBOoYXfT5uGbM,'Part III'
'Khruangbin',2pCnrWHxYVDWN3S4PgNMa0,'Cómo Me Quieres'
'Khruangbin',0ubqfqxOx4X1ddDVLTpaaX,'Ma Be Ham Nemiresim'
'Madlib',7BjbTLilJQ2XiQnLkWB7ia,'Knock Knock'
'BADBADNOTGOOD',16Iat51iiZHSpE4X8yoeI5,'Velvet'
'Cass McCombs',0kIcbuSX3ZjyhP0djio6Nt,'Big Wheel'
'Khruangbin',0dBh5j1RIYl1GrZnkZJ8aE,'Cómo Te Quiero'
'Yussef Kamaal',20VICGTmGf7udH0ZWzy6kB,'Lowrider'
'Crumb',4KDVWd4zUHrfJHyuOuvLJP,'Plants'
'J-Live',5mT9hEnaAKdTElPcCZ9IFu,'Satisfied?'
'Kiefer',2YHdRze6PsaprIaZ0NKewE,'Temper'
'Illa J',7IvVCu4wagxDH6nYPIlpt0,'Enjoy the Ride'
'Kev Brown',3axd6nS2OpTthBIv7Fv8LB,'Albany'
'DJ Harrison',2VPjfiZQHBPrdPnMQu5AT0,'Cigarette Ember'
'Camp Lo',20DcrlNK0NcRknbX4wcEO4,'Luchini AKA This Is It'
'Diamond D',78Ts9uoguVhCPkbP8S5s0j,'Got It Covered (feat. O.C. & Adela)'
'Samiyam',0f8iBoM9o3cX7EfQK2mDeR,'July'
'O.C.',7eAbyTWoq2XHIDFAslXsjN,'My World'
'Mecca:83',3uoey3KBEul4oJGbYP1fLx,'Loungin'
'Dela',3qui9azjjFN4uKPT3Mm4Lt,'La Bonne Attitude'
'Q-Tip',1uQbeHF6znPkD99pDGLvRN,'Vivrant Thing - Club Mix'
'Dibia$E',3sbGGW0bq6HgJQq8eNZhCm,'Fly Me T' The Moon'
'Sean Price',2XyvjMer8Spx7BY7gqxZDt,'Ape in His Apex'
'Samiyam',0wlJ9eQW2ZSTr2aUD5g7HH,'Segue'
'J Dilla',4omO3Xwm4REEK5HGT6e6yY,'So Far to Go'
'Black Thought',1I7HtRfQOtKTGRJil4JytJ,'The Next Movement'
'Statik Selektah',09EyrQlZFXMjTWJAcJRVbm,'82 92 (feat. Mac Miller)'
'Black Milk',3Ra6btPFABZbk0bLFwEdXK,'2 Would Try'
'Sean Price',2QtiS6vQQHXU7E98o7943w,'Pyrex'
'The Alchemist',5Nf8WHQ7Hq8kO77cqx7H41,'Shine'
'Mick Jenkins',7tkqxOV765aQ6s45fBijjt,'Vibe'
'Yellow Days',0jWHVt7QkVRWCj2Sw2Ncl3,'Your Hand Holding Mine'
'Enjoy',1ny0dHt2keu6qbwxel40fx,'Grand Ol' Opry Bitch'
'Foxygen',7kmjqGms2l2ZLGxFGNfCEq,'In the Darkness'
'J Dilla',3naGwG1taJx4F5vD5RJNth,'Nothing Like This - Dilla's Mix'
'J Dilla',2Z8tcWA71wORAc86X7PYPj,'Jay Dee 38 - Instrumental'
'J Dilla',4omO3Xwm4REEK5HGT6e6yY,'So Far to Go'
'J Dilla',6qK7s9JlNBfYLWPb1nwQAG,'Workinonit'
'J Dilla',6t5V0nqQlzyAJarNzoYXxm,'Let's Take It Back'
'J Dilla',7dwqIezFNJuC4WVISgzPKS,'Interlude'
'J Dilla',5eT9024CdM3uPM5tXvYonD,'Make'em NV'
'J Dilla',41ObNiuMPeGzWCn0k9So9A,'Interlude'
'J Dilla',3lPWli8jdBme9Er0sScnvl,'Crushin (Yeeeaah!)'
'J Dilla',70p7tgRp2XJEWch2fPiMtM,'Trucks - Instrumental'
'J Dilla',3SCK1bwDzfUjCUGy7KQK0k,'House Shoes Was Spinnin' - Instrumental'
'J Dilla',4u6xDJd1hfXTdryrprlVfX,'Monkeys In Car - Instrumental'
'Jaylib',3zmwu6xBF0SlpTTpQC7m4F,'One For Dilla (Interlude)'
'J Dilla',37qtU1ZXAJYfXr1zsGN7Tk,'Dillatronic 11'
'J Dilla',0oty6waOTo7iMZVfqxRMFP,'Dilla Beats - Instrumental'
'Wun Two',14j38HFYYs1PxlCde3HFjP,'the golden arm'
'Wun Two',2vkqhBwHGgB84481KTes3M,'transbordador'
'Hiatus Kaiyote',0ge4ia14DiwJEhnuPVKH0Z,"'Prince Minikid - (Simon Mavin, Nai Palm) Commentary'"
'Hiatus Kaiyote',3oPkhUwP6bAyfofELFzixs,'Laputa - (Nai Palm) Commentary'
'Hiatus Kaiyote',4YbtSmL1FF13DsMLOB9WtI,'By Fire - Vikter Duplaix Remix'
'Hiatus Kaiyote',12v5GBM74fB8WsHJPQRTIe,'Nakamarra (feat. Q-Tip) (feat. Q-Tip)'
'Hiatus Kaiyote',2F5ufz9gdh2oXz4Rd10zkb,'Boom Child'
'Hiatus Kaiyote',2nZKShIb4aex7YWX0HLzEn,'Borderline with My Atoms'
'Hiatus Kaiyote',2V3H5VlJfCTZ6aWu5ji4Hr,'Creations Part 1 & 2 - (Paul Bender) Commentary'
'Hiatus Kaiyote',08o9yCplgxLM11ymhvkbl8,'Mobius Streak'
'Hiatus Kaiyote',6WrSzPQrYOaRU5I2f1ascP,'Choose Your Weapon - (Paul Bender) Commentary'
'Hiatus Kaiyote',4fcvLmCmut3Qqxz7k31iVx,'Laputa'
'Hiatus Kaiyote',4rwWiM456ZN8XxaN5ON5h2,"'Fingerprints - (Nai Palm, Simon Mavin) Commentary'"
'Hiatus Kaiyote',4UOSM66BYQRD4YbOIkcTO8,'Breathing Underwater'
'Hiatus Kaiyote',1ZZAQQYvpaI2zwwwQ8xUy7,'The Lung - (Nai Palm) Commentary'
'Fringe Character',6f6qxeHkh4LmSzOlA6cuLV,'Cherry Bomb'
'Stevie Wonder',7hRYauk30VeBFmdeFQPNVx,'Never In Your Sun'
'King Geedorah',1R28m5eWk1EV9FQ3puWrUp,'Fazers'
'Third Root',1c8E58O48kGgWPjlQSK7XJ,'The Revolution Won't Go Viral'
'Deem Spencer',6GLMXAZqMGaVo6E1NCKcvH,'Iwyboft'
'Lil B',1BN1KycitcH264DYvwnP4k,'Berkeley'
'7 Days Of Funk',1z4gICi5nvNeSe81Xb84xx,'Let It Go'
'Alfa Mist',4XF0FwL902NB7IVgwgFLj6,'7th October'
'Santana',3CbQeXInIfNLNw3b0c9AJa,'Leave Me Alone'
'Enjoy',1tD0nZKUR6lbNNiPJKZA7K,'Small Car Big Wheels'
'Enjoy',7DgbMwxIaNt27nxKfh2E4L,'The Golden State'
'Enjoy',3N06jgKpb2Z5oQ60wIUmaT,'Let's Not Talk About Love'
'Enjoy',5sF6gFJURoe9QZzAzI5Qhq,'Smooth (R3mix)'
'Enjoy',5xrQdSsym0mSa4fxDoLLNl,'The Golden State'
'Enjoy',1irQ8I0SJJh26Isi5RaMdm,'New Balance New Moon'
'boy pablo',7mjOxXnZYbGtgjyX0hqaLs,'Losing You'
'Broadcast',7HP5IfMg4yhH5ToRPN0wh1,'Long Was The Year'
'Tune-Yards',6kixQpOqh28TiGN0Xm70U9,'Lady'
'LCD Soundsystem',6aqzFwI8IHlAzRxbqMDAqP,'I Want Your Love - electric lady sessions'
'Pond',6rGuFgh4Dte5hyCq3dUx4C,"'Goodnight, P.C.C.'"
'Metronomy',7HBtUA2lj3ljwCRVYsucmO,'Nights Out'
'Spoon',1zyQWymDQATRbkpWbYvU20,'I Turn My Camera On'
'Twin Shadow',5oseF1BTGbCi8RG7QiIhO6,'Truly'
'Kurt Vile',3NARYtRUkQEU6KCd9OgEfq,'One Trick Ponies'
'Neon Indian',5g3TDpgy1J1woAUVuj21EE,'Polish Girl'
'Beach Fossils',3FiDA9GX921AiW7iEpYS3K,'Sugar'
'Panda Bear',10n7ftA9Y0hAdaFMWDYsk2,'Dolphin'
'Parquet Courts',7COxY38TB5HTeXRAucOEW4,'Wide Awake'
'Phoenix',56W0Wmm2582TQwoxRLGAIX,'Fences'
'Tune-Yards',0SRgVYcDYttX5Huc5FGB2M,'Water Fountain'
'Pond',5oFHQUadOtxWK5tFNMYfBN,'30000 Megatons'
'Unknown Mortal Orchestra',0Evd1SDodEIH9XiRLwy8Ta,'Stage or Screen'
'Perfume Genius',3Gda1sTo2ZjbztjjsnAsP3,'Slip Away'
'Unknown Mortal Orchestra',2nqqIatHUVkw9S342HZKTz,'Extreme Wealth and Casual Cruelty'
'Beach House',0hNhlwnzMLzZSlKGDCuHOo,'Space Song'
'Fela Kuti',7s4ucIv06Azo15IuVYGyPI,'Lai Se'
'Ikebe Shakedown',0lNPo4o9hBa3VJx9Q0XVBM,'Road Song'
'Lee Fields & The Expressions',0LwlMURIrrLYF7bBktpWvT,'Precious Love'
'Speedometer',6NYN6qc0daOZdbPtQ2LUIV,'Am I Your Woman? featuring Ria Currie'
'Loudon Wainwright III',6scUEism6pBnY0IXYr8fw3,'The Swimming Song'
'The Popguns',6z3HgexEG0pfA3JHLXtC3c,'Put Me Through It'
'U.S. Girls',1cWVUrMhaVcLLW8nRz1wgR,'Damn That Valley'
'Shintaro Sakamoto',1k2tixCVdWdwhph54ZQES1,'あなたもロボットになれる'
'Allen Toussaint',3Z6aY997cM7QK28xjEF5EJ,'Southern Nights - Remastered Version'
'Kikagaku Moyo',5lqe5dmfcGGw8W9wVE3tqj,'Lazy Stoned Monk'
'Flying Lotus',2csZLnXBMuw6ETZuRxdUZF,'Black Balloons Reprise'
'Beach House',7pD6katrwWH7H3Xt8cIZS9,'Lemon Glow'
'SLACKCiRCUS',0trTpNYmHAK3EihaZBd2h6,'Heyyeyaaeyaaaeyaeyaa (Fabulous Secret Powers)'
'Pond',2CgUaNGnbBYEIaKGzoLksn,'Giant Tortoise'
'Ta-ku',3rN4J0JtgwHs6KFI6JmOCz,'We Were In Love'
'ESTA.',4ykuqRQMPwSyee8lP9yh1d,'Love Like You'
'LEISURE',2DSTdXVhlCfiWnKpWgZlHA,'All over You'
'Jadu Heart',6qpPdVDZEHx0JBroBXq4kD,'Purity'
'Kiefer',29G1ScCUhgjgI0H72qN4DE,'AAAAA'
'Stwo',4IYmJKwEsFTwQUdzsWSiv1,'Neither Do I'
'Potatohead People',0zX2sywvKgXuhDkB5DYdsm,'It Gets Good'
'Joomanji',7IuUJr2TbcSftJobqjtkxP,'Chasin Rhymes (feat. Saara Maria)'
'JMSN',2pvtCS4dkBk55UWcOhxHf3,'Addicted'
'Louis Futon',5FAK7GY5W3PUBPLkJ6R2wq,'Rewind'
'Mild High Club',7pegxVesMmE2qK0o58xoFG,'Homage'
'The Murlocs',79x1qL47ZyywV5Va12FIiH,'Rolling On'
'Foxygen',2SOT09giYc28fUo9ppjCpw,'San Francisco'
'Gil Scott-Heron',5lpVJtvTOB8VVeF7plNyQr,'Storm Music'
'Gil Scott-Heron',0DSIv9DJruGLaRRLKKgit3,'NY Is Killing Me'
'Gil Scott-Heron',4URnM2xMiKC2xNElsiY44q,'I'm New Here'
'Gil Scott-Heron',7uIaqQmCIm6Yd0xXUEYgmY,'Brother'
'Gil Scott-Heron',1YrDXC5z5rbJnbzCQOjOgQ,'I'll Take Care Of U'
'Freddie Gibbs',5jqpm69UgQa1OSNhj8rjn4,'Half Manne Half Cocaine'
'Freddie Gibbs',0sdMgj6Ndb3X2PQu9dMSa8,'Massage Seats'
'BADBADNOTGOOD',48mJsuV6IsDVrjkhqR2mHG,'Sour Soul'
'NxWorries',3FQCunuHk5y4T1FLnlH3Fb,'Best One'
'Dizzy Wright',09izIGzsA0XLtBDpGkIIIV,'Roll My Weed'
'Mick Jenkins',6s8uBC9oil1lRT31fbbLW9,'Comfortable'
'Flatbush Zombies',2714ySK1pbOIGZwABmRyAz,"'New Phone, Who Dis?'"
'Joey Bada$$',6K7wB7VNOJMWFrRrfAhAxo,'Enter The Void (feat. Ab-Soul)'
'Illa J',7IvVCu4wagxDH6nYPIlpt0,'Enjoy the Ride'
'Alex Wiley',3SAxrWGQnLIuM7lI7dDKal,'Navigator Truck'
'Vince Staples',7GKiBHjFfvPRNqqOuRYqLB,'Summertime'
'NxWorries',0EbwUhWO0HinKzqxTOykCy,'Link Up'
'Big K.R.I.T.',1HZ2IfyCschP5qQlDUa4od,'Addiction (feat. Lil Wayne & Saweetie)'
'Cozz',3b5YHReWhnrlfHS7nk7YeQ,'Knock Tha Hustle - Remix'
'Joey Bada$$',1fb6b2Mas9q2mWxJazzeRI,'Waves'
'Bishop Nehru',7gYumsroTfKT7uOzfsqNTX,'S.S.S (Split Society Syndrome)'
'Kirk Knight',6nBTVk1WEkzYbbdGJUqo2G,'Downtime'
'KAYTRANADA',2b4SSorCTQ2VzmllaeWuuT,'YOU'RE THE ONE'
'BADBADNOTGOOD',1I40L32fTSSkBkPeArX9Ul,'Time Moves Slow'
'Sylvan LaCue',2auDZRtwblDyalfrnJrEKI,'5:55'
'Big K.R.I.T.',4aBpRqTt1L3FwDwFzxgHeB,'Learned From Texas'
'IshDARR',1z3biBuZuyoywGDeAXIJvp,'Breaking Hearts'
'Jay Rock',6lScANWbx33EMPJyGh79Ni,'Troopers'
'Quasimoto',5k70oNLz59nzrX5T1ycyZH,'Greenery'
'Danny Brown',1uDrIgjVtFsrrWWctCxoBL,'Grown Up'
'Gábor Szabó',3jTrC5U3Jto9NU7sSdG8qm,'Ferris Wheel'
'Enjoy',2OhknoPgHy6gyc807VrGM4,'I've Wasted So Much Time'
'Enjoy',4cyCASkPBe7cFWBROYDabS,'Mechanical People'
'Enjoy',3REnfwTCf5kovG70eOuZtl,'Real Life Like Cold Ice'
'Enjoy',2qJZNGUN2MeA5VwSG5L0Tu,'Today Is Tomorrow'
'Enjoy',1mhKXV5zQW5cSKImoaJ3hU,'Grand Ol' Opry Bitch'
'Enjoy',7p2eap5UGOvAcyIWYHDfIP,'Enjoy (Live at Easter Island)'
'Generationals',0Wdicgd5PR14AEh6xLHd99,'Yours Forever'
'Tune-Yards',4ltsJNDSej8NIuwihamyCd,'Look Around'
'Phoenix',7GGRskGpD6AqkpZshKSyBT,'Trying To Be Cool'
'Washed Out',4Y4gQvaJBcAxwgf8jJyvDY,'Floating By'
'Metronomy',6zfczP87XO2SxWlQtnjFNa,'The Look'
'Morgan Adams Quartet Plus Two',5Ak2lR9I1OqS0fseVKSkS9,'Stormy'
'James Blake',2T5gsa0Yw7R8tyfwx15iXn,'Love What Happened Here'
'STRFKR',74AkeomGPmkEkDraDJn8PO,'Lunar Sunrise'
'STRFKR',5BQ8I9175WEgDcnez06jLN,'Late Again'
'STRFKR',21mECqLKwEjbf5aEOvFMqK,'Leave It All Behind'
'Jamie Isaac',3w6kA3upaWgqQRTAxxP1DY,'CNT U SEE'
'HOMESHAKE',70t3XJnA3SzfvRWyaXtEmy,'Another Thing'
'Men I Trust',7szmkrQbZcvyYFzCe1Mv7w,'Introit (feat. Odile)'
'together PANGEA',57wlZjWezSfZzFAIwR0K5L,'Offer'
'Chicano Batman',5dWYX65ZLTFymRERa5jsRa,'Passed You By'
'Deltron 3030',4a7iNsBx9sIDcqv0AdmFKn,'Time Keeps on Slipping'
'ARTHUR',3dWNxcNW2N0mXTHoFQq2yI,'Sweet Memory'
'Teen Suicide',4nDVbq8OTfAFGvHPcivRtX,'Wild Thing Runs Free'
'Injury Reserve',6U8wLl0pMsgS1Lcql3nQjH,'Ttktv'
'Jerkcurb',3QYwVhxtLkEGDWl5Z6GXCJ,'Midnight Snack'
'Karriem Riggins',0c5CeJpuqOYUNoYudHlwiK,'Bahia Dreamin’'
'Black Moth Super Rainbow',6GguhgFkTXMexUyWrhWohy,'Twin Of Myself (Original)'
'Spree Wilson',0nKvSEAxTM0CeWllXv0Ay8,'Counterfeit'
'Timber Timbre',3fYyeeBVG45W6PFRsMbhET,'Hot Dreams - Absolutely Free Dub Mix'
'Ricky Eat Acid',52v1Lnby3X0xHdipuI0N5v,'Beautiful Gurrls'
'TV Girl',6QPzHlgKn3lyfaGNRjOQzx,'Loving Machine'
'Illingsworth',47weUXMrl53DlYv6hNsPn7,'Magic Deck (feat. Para-Dox da Wordsmith)'
'Robert Glasper',2H7YDEf9NIMj4pocxVQQ0Q,'Dillalude #2'
'Buddy',1Wh8GeXvt7lANMGHubpaQn,'Guillotine'
'Dopehead',22bluEejqmw2feNxZPlC0V,'Guttah Guttah'
'Nujabes',6zYBZOP6SuKa5JszwpAz7Z,'ordinary joe (feat. Terry Callier)'
'Bobbi Humphrey',3AfZBunOMM8nRLpYQB3h6I,'Just A Love Child - Remastered 1999'
'Cody Chesnutt',0OdF7EWHZsAFAXT0jmw0Wa,'Boylife In America'
'Blended Babies',5QzbOQWaED6Ot3YCrDu6pH,'Cheap Whiskey 70's Riesling (feat. Anderson .Paak)'
'R. Stevie Moore',0dtTbvbmbGYiSdQQh53L32,'Pink Litmus Paper Shirt'
'Metronomy',2yV5t5LbMsHOLlDAtlgqbZ,'Miracle Rooftop'
'Metronomy',6YD93GXfHWJEb2VV29NFE7,'Ur Mixtape'
'Enjoy',2mKb7L6xUk1sn5cz9qjrjb,'Avoid Me By Walking Two Steps Backwards'
'Chicano Batman',4Qlm2HutlYk4cDYMmwQL4L,'La Jura'
'Unknown Mortal Orchestra',10FFk6OGMIKbpUe89cTEAg,'The Internet of Love (That Way)'
'The Symposium',6yljCYdn6RsTj8oWXPeJCl,'Tony Stark'
'Roy Ayers Ubiquity',5le4sn0iMcnKU56bdmNzso,'Everybody Loves The Sunshine'
'Isaac Hayes',7wEGeUzpPNnHKfOtSgYjG4,'Hung Up On My Baby'
'Allen Toussaint',4avSAmA196acYLIXG4XX68,'American Tune'
'Onra',0KSauoDHUIG8QAdINb2Txz,'I Wanna Go Back'
'Mr Twin Sister',5kxinzQqkSJhL7QDdvkDFM,'Meet the Frownies'
'Burial',763CSL9s7xd0tAPCrLysYc,'Rodent'
'TOKiMONSTA',0ePXzYPANS5m05ZjCECCX0,'Lune'
'The Arcs',3zobfMEipF81bJfPVp1h09,'Stay in My Corner'
'Chrome Sparks',75m5afX3czCF6pUBwNdtuF,'The Meaning Of Love'
'Washed Out',0Z7S8ity4SYlkzbJpejd1v,'It All Feels Right'
'Young Bull',7cGsZUMfNewOBK0QU0Ur05,'Egyptian Joint (All I Need)'
'Zion I',53hE4mxMEmLXWFHfduPOMQ,'One Chance'
'The Buttertones',4wWHZR4NZRTiF4eShXGvHZ,'Dak's Back'
'Ty Segall',5vEE1d5gkv3pgfZyppLeX8,'Girlfriend'
'Yellow Days',7l5j3FapCyr6HxUgoAynM2,'Gap in the Clouds'
'The Growlers',61Rcpz2EFiHqu7TUNrDfey,'Chinese Fountain'
'Banes World',4yp90BbE4dxPXfGGSpbFwT,'Drowsy'
'JJ DOOM',5SgNJ352U9yKBJXsaWh8v2,'Banished - Beck Remix'
'Pharrell Williams',7ci7VkNpRp1v3ci2UeFLr2,'You Can Do It Too'
'The Bullitts',2pqZZ0HQqh30Uqt2JZJJfB,'Close Your Eyes'
'Meyhem Lauren',3ph0msZhsDh0GS6IuVjdmp,'Dragon vs. Wolf (feat. Action Bronson)'
'Babeheaven',20JEPG9jCyVQkiVUKkC8uo,'Friday Sky'
'A-1',7zns0cnIhfU5H6pyY3cSfV,'Invisible Man'
'Dimlite',5R8MrytcH0EKLcfKICLaF3,'Can't Get Used To Those (Kosi Edit) | Ohara - mixed'
'Darondo',1owjOeZt1BdYWW6T8fIAEe,'Didn't I (Dave Allison Rework)'
'Clams Casino',1WHFqaE5lL6qB4ACFJ65d5,'32 Levels (feat. Lil B & Joe Newman)'
'Viktor Vaughn',2xIUHf9uxG5bImKG6hNrMv,'Raedawn'
'Dan Lacksman',5Qtyn8oZBfhPJeeycVPEfu,'Skylab'
'Fashawn',2mGdIBIKa8lEkm1xtmIJmU,'Stars'
'Slauson Malone',6CzIvlUbwqnsxjLzCbeyU4,"'Closed Place, Open World'"
'MGMT',0t4z0WaQomQqPONghWn8c2,'Me and Michael'
'Mocky',4C0w63kqpLDNfTGsbLp8VG,'Sweet Things - Japanese Edition Bonus Track'
'Monster Rally',6VBwgjSdFukVSz7nSbTvXV,'Lovely You'
'RICEWINE',2lMMHZmJkH2mOGYqcJjXNK,'Mornings'
'Phil Gerus',3xTzjPkat03Zb9HPFeCMy5,'Don't Kiss Me While I'm Swimming'
'Kid Bloom',61au8r2wPFZVPhEG11bQTx,'Electric U'
'Generationals',1L0NUhZVFKzjyigTEAs8qu,'Goose & Gander'
'Generationals',2SnTnKiPf9hSjsWuV9LnOo,'Mythical'
'Generationals',38EB8oH8NJorbpEQqt5eYt,'Exteriorstreetday'
'Generationals',20yahLUVOWqoJsRjZtBQFA,'Black and White'
'Generationals',0WlIfGlZUnfYRtRSxISBwf,'Dirty Mister Dirty'
'Generationals',2SsjLcG19wi7pgN75Z8Dj6,'I Turned My Back on the Written Word'
'Generationals',5v6fwkgHeF0N32LmEoQyQB,'TenTwentyTen'
'Generationals',50vNyvOG1o5N7UZK2IWgxl,'Breaking Your Silence'
'Generationals',3ry5jhTGniqmuggooFkaPo,'Beggars in the House of Plenty'
'Generationals',71yAxoEVXme0oo8SnuD0vB,'Deadbeat Shiver'
'Generationals',4h2VaaPccCLEO8Jm9EVTEA,'Faces in the Dark'
'Generationals',1PvsENmbP6vooYJEFjLNzE,'In Green (feat. Sarah Quintana)'
'Generationals',5v6fwkgHeF0N32LmEoQyQB,'TenTwentyTen'
'Generationals',4Qjy5D7xIDRef25TNSgtYt,'Our Time - 2 Shine'
'Generationals',1BUwS6ZFogOeZ4jlXuVRTt,'Keep It Low'
'Generationals',5qch02GHrpSkCAUuAJetPF,'It May Get Bad When You're Lonely and Cold'
'Jerry Butler',2dwHvzXCqGC2tQgaZ3RCrU,'Just Because I Really Love You'
'Subculture Sage',7ciaJIGCyZ8Xky1DQvZg0l,'1=1=1'
"'Astronauts, etc.'",6t7QI6VVVnM3s7gaTrzmcf,'Shake It Loose'
'Heems',4PwYsVDj8wdOrXG0Nm28Zr,'Home (feat. Dev Hynes)'
'Free Weed',12jk35ULdXpd9hku8KmOAa,'Free Weed (produced by Unkle Funkle)'
'Westside Gunn',1BvfiwG6Kb2wI00jt1aEmk,'Wrestlemania 20'
'The Flaming Lips',13JToOBNkO00YLQ60ukhDY,"'She's Leaving Home (feat. Phantogram, Julianna Barwick & Spaceface)'"
'tajima hal',31s7MZj97VY4ULVkBg3qBp,'For a while'
'weird inside',6gyeaab6u8qGxz1nbY4Jjh,'Slow Hours'
'Fushou.',37jx63CTZxnSe6s3DwJelB,'overstand.'
'Kupla',4h4TKcnaFcbnI60YbOsULN,'Raindrops'
'Idealism',6F1tpMt4vwHFx5A8aWq5Q2,'Evenings'
'Brenky',7trxuSkxmsRKOyJcejNkij,'Leavin''
'Tomppabeats',4fpFGKd2Bbhm18Sn1Iu9hu,'Orange Juice'
'Lapis',2otm4uSPQEQvcF8AJcDkuQ,'Xx22-2'
'Wun Two',14j38HFYYs1PxlCde3HFjP,'the golden arm'
'Gemma',33rqTPKc8g4zv6rA5I24Ge,'Only One'
'King Gizzard & The Lizard Wizard',2jjzBoZlrRIfLg9z9DHSjT,'Bone'
'The Chambers Brothers',3p71XizyLBEPzC1npgsT4J,'Funky'
'Parquet Courts',5pfERhAfhpscnAKQnZgnaC,'Violence'
'Vundabar',2ohTXUKOIHm0CzVxQGC7aX,'Oulala'
'Enjoy',73wAnUcdgvloleSUxJbefl,'You Mean a Lot'
'George Clanton',30s2prPWNfUxoKgfpSo3wN,'It Makes the Babies Want to Cry'
'Blake Mills',7qsENBwgyt0QZdH93Cr8hV,'It'll All Work Out'
'Knowmadic',0KfzsDytmCgy9IDxyB8dd7,'Horizons'
'Palehound',1W9lPqClDs0J5ZCCUFjy5K,'Cinnamon'
'Generationals',3yXWdrgGFsXUe7ePKqklSN,'Breaking Your Silence'
'Robert Wyatt',1OAJJgC2nuUrEC98ORdcu6,'Heaps Of Sheeps'
'BOYO',0ibhQJyObOOn2va4LjjpDC,'Mantra'
'Reptar',4kfJqKBDv8PtM8g3m8ozOx,'Phonetics'
'Islands',2cBuoWwzfJmGRoCF1mMz01,'Switched On'
'HOMESHAKE',1pjTNKEur36dXqsQD718nM,'Khmlwugh'
'STRFKR',5egX6e0qBE8hIR9CzA6rLV,'Death as a Fetish - feat. Mattress'
'Big K.R.I.T.',2Ee22x5KHPEvrGBIx9AdOb,'Justin Scott'
'Destroyer',2kkJENGuusOzj1vXN3s0xO,'Painter in Your Pocket'
'Sitcom',7bmNoosrYK6nNIe5qqOM4X,'Wake up Jacob'
'The Coup',2YC0oTQhwtJPW3Xb4EuVi7,'I Just Wanna Lay Around All Day In Bed With You'
'Psychedelic Porn Crumpets',7sP57RtB31LWReHyQ02RxX,'Denmark / Van Gogh & Gone'
'Curtis Mayfield',0mIpT5VijWPv4b9s0K76qA,'Tripping Out'
'Conspiracy Of Owls',5ixaz58VqMWydBmQRa96G0,'A Silver Song'
'Four Tet',1vBxzMZGCneeEemHVMw6Q3,'Locked'
'Winston Surfshirt',6J0VylxhjHcjJk4lWbjDh4,'On A Lock'
'TiRon & Ayomari',1VsSQedMSx7dw5cxJJ5QA9,'It's a Trip'
'Bilderbuch',0Lfpj3qyKJH7QnE1PHZsv0,'Gibraltar'
'Jorge Ben Jor',27KA6KHjX6dLuEcZAcvEF1,'Errare Humanum Est'
'Devendra Banhart',1Xx7wl3Na741ZuuF0pndp7,'Fig in Leather'
'Roman GianArthur',0a2dGkn5RTXcMp2wE9yWkU,'All I Need'
'Choker',6x93hzBoL7HpirMN2P48co,'El Dorado'
'Hidden Spheres',5YTx2l8opiAOTpcCQEROpJ,'~~~~~~'
'Mac DeMarco',1DZFqyULjH1GplYnWa5psW,'Don Juan'
'Mello Music Group',67kLHRXKEjlfz6KrdVM0eU,'Celebrity Reduction Prayer (feat. Open Mike Eagle & Oddisee)'
'Parquet Courts',3NMVmvEQuLx2BFETr5DGFF,'Back to Earth'
'R. Stevie Moore',5rFTwVCVkayC7kLQVj4hZS,'Another No Answer'
'Winter',2DpaG2I7QbOL22kx8nMOGp,'Memoria Colorida'
'Generationals',3qWnb62Sm9DfrITWPDPeF6,'These Habits'
'MorMor',2gVD16pngRtQdSbAdaAgFI,'Heaven's Only Wishful'
'Tim Buckley',3Xy16SYnhBiSBL5yUXaHG1,'Buzzin' Fly'
'Yeek',0uYRKUD994hbQi3JLSt22K,'The Left'
'Serengeti',4T3Vl4y9ggN9dPbYfKyYqh,'Dennehy'
'Princess Nokia',3zUNq95ZQ66ksuszn0PJYI,'ABCs of New York'
'Dj Smokey',1zOtStOZd9nvnFiRM5Namm,'Salute 2 el Chapo'
'Ivy Sole',2RtNAFhj8eeu8ng4IJBlM5,'Dream Girl'
'Sidewalk Chalk',6LSiZj1LWXcwRYME9OfxZf,'Luggage (feat. Sam Trump)'
'The Durutti Column',7A2yhrdnFspRjpX8RC8UW1,'Otis'
'Talking Heads',4eBCTzBsSjYgrLH5clQf2x,'Born Under Punches (The Heat Goes On) - 2005 Remaster'
'Hotel Eden',4YH19ywDODwzn0XeyUyZjL,'Rewind'
"'Sheep, Dog & Wolf'",4txlcEq8XuZfJHdgCYffLK,'Breathe'
'Koi Child',5RQ6gzYbFNpQtB74OWAm5e,'Slow One'
'Yung Lean',2czReC2NDu2pn7jlZskgVY,'Princess Daisy'
'Allah-Las',4R3cqTMDf4sVdWv83MXSWQ,'Ferus Gallery'
'Arthur Russell',48zUFsio0IV0KQxnpqAaEm,'Answers Me'
'Jungle',53pn1xUK40ZuqqiUGEd2ak,'Cosurmyne'
'Amy Winehouse',4bjmPbbudPDelbHzL8dxh2,'Mr Magic (Through The Smoke)'
'Parquet Courts',0Jxw8PeERVMMOJnMDEXRR9,'Everyday It Starts'
'Miracle Fortress',4DxettIzK3wOpaSAUbB7GA,'Maybe Lately'
'Deerhunter',7ulGjpWKbda4c7SUgQUMbo,'All the Same'
'The Spirit of the Beehive',0OwVKAbeZJiOmSKiAKgeBi,'fell asleep with a vision'
'The Cleaners From Venus',6fsUCTTpTbfREHoAR89Zcl,'Corridor of Dreams'
'Local Natives',7LZN7FkxHZk6maiN6NdI2i,'Dark Days'
'Deerhunter',7bELrOWXPOw87fHkOcc5rt,'He Would Have Laughed'
'Alabama Shakes',42Z8moYh30XOVffltDDUgK,'Sound & Color'
'Galimatias',4xsum9mtqZB1pUuhw6wCQo,'Night Owl'
'20syl',7e4AYmdtl26IhMpWFzb4cX,'Swimming Stone'
'Ambassadeurs',5a4ACiU4OmOnl7v57fcszG,'Weatherman'
'20syl',1k91Bhe2OYn0osSD6mMay2,'Kodama'
'Elaquent',2JBdagdVM1Sfhnxbtgultp,'Howdy'
'Generationals',7frnrTzqCZCbMLZEwioXPo,'I Promise'
'Horse Jumper of Love',7G3hRi5LeVbUF0QMdeU5Z4,'Orange Peeler'
'Escort',7gA0yghKRzS6bOwPKeg0Vw,'Cocaine Blues'
'Oko Ebombo',2y0rHDTckWQ7of6tI1yc82,'Naked Life'
'Little Dragon',1hLMDoAaoCTGi9MTYIU22W,'Constant Surprises'
'Har Mar Superstar',36Jk4Gov47YOevltFX97sD,'Late Night Morning Light'
'Dr. Lonnie Smith',1arQkJAMuAocgu98LBHvpC,'It's Changed'
'Eugene McDaniels',5lT5agmabF7lOdQseklU8B,'Welfare City'
'Bootsy Collins',4luEFrcIx13ujXVSCYiQYx,'Worth My While (feat. Kali Uchis) - Radio Edit'
'Open Mike Eagle',3NhcdMglLtCucAxg07EbVi,'Admitting the Endorphin Addiction'
'Tonstartssbandht',2JdkYNZKWht1jKS2w70ce7,'5ft7'
'Lonnie Liston Smith and the Cosmic Echoes',3Dpp4hQD1x3waGaSLZsSs8,'Summer Nights'
'The O'My's',3m8miTcu195KwVtEUHM8h1,'Sweet Love'
'Flap Jack',4qSrZTxPQBrpqQZYDrE8U4,'Make You Wanna'
'Khun Narin',7AvElQwR0xZ543O31JWBbJ,'Phua Kao'
'Nickelus F',2ntehuTucV56FCujVKLr0l,'I Aint Cried Yet'
'Redline Graffiti',6SJR4uaSuETcW1nbzrVVqb,'Junior June'
'Hiatus Kaiyote',5AfZDHnfpP3EbXk6sDAeK8,'The Lung'
'Sly5thAve',72hAHYwIeSeoGTfXw9Fa6J,'Super Rich Kids'
'Deerhunter',7bELrOWXPOw87fHkOcc5rt,'He Would Have Laughed'
'Claude Debussy',1Y2DQMmCQfCO3BWSKBmJkt,"'2 Arabesques, L. 66: 1. Andantino con moto in E Major'"
'Claude Debussy',778rci09WdJO4oDx5UJvUC,'ピアノのために(サラバンド)'
'Sarcastic Sounds',4ZGyUqh0rXeFRxBK5YU9z7,'They Don't Need Me'
'furino',5Khkm67eOj00HVgilouRar,'listen to tommy with a candle burning'
'KAYTRANADA',3my5W7QLojCSj3E33eehcP,'DRIVE ME CRAZY'
'KAYTRANADA',3bcVlSWtjktTZAczUbfzlG,'BREAKDANCE LESSON N.1'
'KAYTRANADA',4YcHuaXJb6dnGWkJzmCcwu,'LEAVE ME ALONE'
'Masego',6zWU7YALeEDMcPGhKKZJhV,'Navajo'
'GoldLink',564oa00vY05d1uYnTEAAmE,'Herside Story'
'Madlib',7BjbTLilJQ2XiQnLkWB7ia,'Knock Knock'
'Generationals',45kXeoJXm15J5xJUohJmxN,'Reviver'
'Flight Facilities',7CEI2bVNMuWNpu5Vux19RC,'Feelin'
'Jay Dee',0xsoZbJDbfhWct56LdnZat,'The Look of Love - Remix'
'Baro Sura',3nUyvBMUBzUhFLWdfo4wz4,'LAY U DOWN//SEXY'
'Quasimoto',6HAF7ozk2UxaMcGiIrn7DT,'Sparkdala'
'The Stepkids',1GXhwMiAk62m389q3TmFPv,'Sweet Salvation'
'Vetiver',28qOurUpsL6teKyx9GaJVa,'Strictly Rule'
'Land of the Loops',5lxcUfQq7vgDL2GV2hWbyX,'Multi-Family Garage Sale (Bargain-Bin Mix)'
'Groundislava',1auHZwTEBdwHWeMgpu6fPg,'Shlava'
'The Blackbyrds',6HaBzXHv3OZcAIkOucbDBC,'April Showers'
'Jonti',1XUu97x5U9g7EGiWH786m7,'Scrood'
'Blonde Redhead',36drGtx61JIMt9SdBz2yJS,'Defeatist Anthem By the Sea - Connan Mockasin Remix'
'Beastie Boys',10FLYqpqDN4uo6eWtD6WEB,'I Don't Know - Remastered'
'Delroy Edwards',6SN9oFJ5t117diywzLz9Yl,'I Love Sloane'
'Roy Ayers',00UKXvSxm33lli0a7Z3vC8,'Feel Me'
'Roy Ayers',3XIY6RkKHxEsSctDh7cm0i,'Romeo - Remastered'
'Roy Ayers',4PCazVttlZdqahVY34BIXH,'No Question'
'Roy Ayers',2xWuwwQ5NECARoFi77NYO1,'Mystic Voyage - DJ Marky & Xrs Mix'
'Roy Ayers',4U2k6joUdYIfXFx67ZPVMi,'Smiling With Our Eyes'
'Dungen',4DDiZQ1lPou1LO2Zs1Nzc5,'Fredag'
'KAMI',45bH8flNmjPj2LFHeODtXa,'Home Movies'
'Lord Echo',29xf5nc1MstbSeMmoSqyHV,'Bohemian Idol'
'Ween',0mDkcTvD6fK9suYR72zhs6,'Tried And True'
'M. T. Hadley',3tOu4ZlJlZPv1L2H9TVtH1,'Janet'
'George Clanton',2USTVgd20XRLMAhiYNklN8,'Livin' Loose'
'Jonathan Richman',328C68l9DNlBQgU8VtRahY,'Tandem Jump'
'Quelle Chris',11eQuzybAwOZO6aaBXzZjp,'Buddies'
'Grapetooth',4C3y57qIj3vMFxh0fRnEPj,'Trouble'
'Ploho',1qim0pJhp1CEMwAQCI9ol9,'Бензедрин'
'Dr. Lonnie Smith',1arQkJAMuAocgu98LBHvpC,'It's Changed'
'Darondo',0PiKRl8dvzGrxAfbwKUR8w,'I Don't Want to Leave (Sure Know How to Love Me Re-Edit)'
'Grant Green',0EdYLCHThvtSmze7iEqlEN,'Maybe Tomorrow'
'Cymande',6iDaMej2YY21OfOMfUXVe2,'Willy's Headache'
'Isaac Hayes',7wEGeUzpPNnHKfOtSgYjG4,'Hung Up On My Baby'
'Darondo',1owjOeZt1BdYWW6T8fIAEe,'Didn't I (Dave Allison Rework)'
'Dorothy Ashby',3YT2vdLbvfcjfCiNR4DsKT,'Come Live With Me'
'The Conscious Daughters',679RG1vQ3m1liChyglObX9,'We Roll Deep'
'Enjoy',6QD5LzXLq3GFPRM4uDXogK,'Small Car Big Wheels'
'Donald Byrd',79nersMVz6tNce0Ni6mS3k,'Sunning In Your Love Shine'
'Donald Byrd',3kNZPGHV7QZ3j0q6rRAu1l,'Someone To Watch Over Me'
'Donald Byrd',5qDtC03snhKih11RQNemTs,'I'll Always Love You'
'Donald Byrd',2A8tp4bEG1GuN98EMZZACM,"'I'm Coming Home (12"" Version)'"
'Emitt Rhodes',2hq50hCUUknhUXZ9uL3wgq,'Somebody Made For Me'
'Mild High Club',7pegxVesMmE2qK0o58xoFG,'Homage'
'Beach Fossils',6qn2qn12aqeFfIjGodvxjw,'Saint Ivy'
'Mild High Club',0Hj5n2RMrcpa1NhamwCTuk,'Chapel Perilous'
'Swim Mountain',1D7RHL8KWWOyPl5X7cElsw,'Yesterday'
'Mk.gee',75ZoDBdTAO9e896PtMsbnG,'You'
'Toro y Moi',4vDQMtAXkPwRxEqM8oXtMQ,'Omaha'
'Darondo',0PiKRl8dvzGrxAfbwKUR8w,'I Don't Want to Leave (Sure Know How to Love Me Re-Edit)'
'Crumb',4rL1OrbBCOD5hDgXWPCqW3,'Bones'
'Vacationer',3QdIqc6wkjB9yi5rSZCIZt,'Be With You'
'Tennis',78buehylm7rkiZYgO92d4T,'I'm Callin''
'Deerhunter',33yMYketIcAicQ9bEgryw1,'Living My Life'
'The Orwells',6r51t6szECkyxfN4rX6yqs,'Always N Forever'
'Neon Indian',3k6UObLaniv8O7sR8I2ImO,'Dear Skorpio Magazine'
'Metronomy',05JoM14sa6tnksLBDB472L,'Summer Jam'
'Stoop Kids',143zqxfaFH5TGQDzNKdzuw,'Padiddle'
'Toro y Moi',4vDQMtAXkPwRxEqM8oXtMQ,'Omaha'
'NxWorries',18YB1U2346cnPCBAbmga8h,'What More Can I Say'
'BADBADNOTGOOD',46aSz462xUFxA5X4O6WlB0,'In Your Eyes'
'Washed Out',4Y4gQvaJBcAxwgf8jJyvDY,'Floating By'
